{
    "MSFT": {
        "yearago": 421.9981994628906,
        "current": 378.7699890136719,
        "1y": 373.6857647708509,
        "2y": 382.275386274378
    },
    "MARA": {
        "yearago": 18.229999542236328,
        "current": 12.15999984741211,
        "1y": 11.344959327468839,
        "2y": 10.284468640948305
    },
    "JNJ": {
        "yearago": 154.26116943359375,
        "current": 162.99000549316406,
        "1y": 163.89079456610344,
        "2y": 160.00802830299048
    },
    "KO": {
        "yearago": 59.17657470703125,
        "current": 69.62000274658203,
        "1y": 69.58245029538934,
        "2y": 70.18394278211333
    },
    "TSLA": {
        "yearago": 162.5,
        "current": 240.67999267578125,
        "1y": 240.32029890454544,
        "2y": 229.70417547349226
    },
    "WMT": {
        "yearago": 60.50262451171875,
        "current": 84.5,
        "1y": 84.89668829416038,
        "2y": 84.8860106569622
    },
    "JPM": {
        "yearago": 183.76904296875,
        "current": 225.19000244140625,
        "1y": 223.6529806876597,
        "2y": 222.93510974096793
    },
    "IBM": {
        "yearago": 187.1366729736328,
        "current": 245.8000030517578,
        "1y": 248.38462928685308,
        "2y": 246.51843456641976
    },
    "V": {
        "yearago": 284.2890319824219,
        "current": 328.54998779296875,
        "1y": 324.8485318664876,
        "2y": 326.2942275811331
    }
}